namespace,extension_uid,version_label
ADODB,com.castsoftware.dotnet.adodb,1.0.0-alpha1
ADOR,com.castsoftware.dotnet.adodb,1.0.0-beta1
AdoNetCore.AseClient,com.castsoftware.dotnet.ado,1.0.0-beta1
Amazon.DynamoDBv2,com.castsoftware.nosqldotnet,1.8.2-funcrel
Amazon.DynamoDBv2.DataModel,com.castsoftware.nosqldotnet,1.8.2-funcrel
Amazon.DynamoDBv2.DocumentModel,com.castsoftware.nosqldotnet,1.8.2-funcrel
Amazon.Lambda,com.castsoftware.awsdotnet,1.0.0-alpha3
Amazon.S3,com.castsoftware.awsdotnet,1.0.4-funcrel
Amazon.SQS,com.castsoftware.awsdotnet,1.0.0-alpha3
Amazon.SimpleNotificationService,com.castsoftware.awsdotnet,1.0.0-alpha3
Apache.NMS,com.castsoftware.dotnet.nms,1.0.0-alpha1
Apache.NMS.AMQP,com.castsoftware.dotnet.nms,1.0.0-beta1
Apache.NMS.ActiveMQ,com.castsoftware.dotnet.nms,1.0.0-alpha1
Azure.Messaging.EventHubs,com.castsoftware.azure.dotnet,1.0.0-beta2
Azure.Messaging.EventHubs.Consumer,com.castsoftware.azure.dotnet,1.0.0-beta2
Azure.Messaging.EventHubs.Producer,com.castsoftware.azure.dotnet,1.0.0-beta2
Azure.Messaging.ServiceBus,com.castsoftware.azure.dotnet,1.0.0-alpha3
Bucket,com.castsoftware.nodejs,2.9.0-beta1
CacheManager.Core,com.castsoftware.nosqldotnet,1.8.2-funcrel
Confluent.Kafka,com.castsoftware.dotnet.kafka,1.0.1-funcrel
Cosmonaut,com.castsoftware.nosqldotnet,1.8.2-funcrel
Couchbase,com.castsoftware.nosqldotnet,1.8.2-funcrel
Couchbase.Core,com.castsoftware.nosqldotnet,1.8.2-funcrel
Couchbase.KeyValue,com.castsoftware.nosqldotnet,1.8.2-funcrel
Couchbase.Management,com.castsoftware.nosqldotnet,1.8.2-funcrel
Couchbase.N1QL,com.castsoftware.nosqldotnet,1.8.2-funcrel
Couchbase.Search,com.castsoftware.nosqldotnet,1.8.2-funcrel
Dapper,com.castsoftware.dotnet.dapper,1.0.0-alpha1
Dapper.Contrib.Extensions,com.castsoftware.dotnet.dapper,1.0.0-beta2
Dapper.FastCrud,com.castsoftware.dotnet.dapper,1.0.0-beta3
Dapper.FastCrud.Configuration.StatementOptions,com.castsoftware.dotnet.dapper,1.0.0-beta3
Dapper.FastCrud.Mappings,com.castsoftware.dotnet.dapper,1.0.0-beta3
Dapper.FluentMap.Dommel.Mapping,com.castsoftware.dotnet.dapper,1.0.0-beta4
DevExpress.ExpressApp,com.castsoftware.dotnet.devexpress.xpo,1.0.0-funcrel
DevExpress.Xpo,com.castsoftware.dotnet.devexpress.xpo,1.0.0-alpha1
DevExpress.Xpo.DB,com.castsoftware.dotnet.devexpress.xpo,1.0.0-funcrel
Devart.Common,com.castsoftware.dotnet.ado,1.0.0-alpha2
Devart.Data.Linq,com.castsoftware.dotnet.ado,1.0.0-beta2
Devart.Data.MySql,com.castsoftware.dotnet.ado,1.0.0-beta2
Devart.Data.Oracle,com.castsoftware.dotnet.ado,1.0.0-alpha2
Devart.Data.PostgreSql,com.castsoftware.dotnet.ado,1.0.0-beta2
Devart.Data.SQLite,com.castsoftware.dotnet.ado,1.0.0-beta2
DotNetCore.CAP,com.castsoftware.dotnet.kafka,1.0.1-funcrel
DotNetCore.CAP,com.castsoftware.dotnet.rabbitmq,1.0.0-beta2
DotNetNuke.Data.PetaPoco,com.castsoftware.dotnet.petapoco,1.0.0-funcrel
EFCore.BulkExtensions,com.castsoftware.entity,2.2.8-funcrel
EasyNetQ,com.castsoftware.dotnet.rabbitmq,1.0.0-beta2
EasyNetQ.AutoSubscribe,com.castsoftware.dotnet.rabbitmq,1.0.0-beta2
EasyNetQ.Producer,com.castsoftware.dotnet.rabbitmq,1.0.0-beta2
EasyNetQ.Scheduling,com.castsoftware.dotnet.rabbitmq,1.0.0-beta2
Elasticsearch.Net,com.castsoftware.nosqldotnet,1.8.2-funcrel
Elsa.Mediator.Contracts,com.castsoftware.dotnet.mediatr,1.1.0-beta1
Enyim.Caching,com.castsoftware.nosqldotnet,1.8.2-funcrel
Enyim.Caching.Configuration,com.castsoftware.nosqldotnet,1.8.2-funcrel
Experimental.System.Messaging,com.castsoftware.dotnet.msmq,1.0.0-beta1
File,com.castsoftware.nodejs,2.9.0-beta1
FluentMediator.Pipelines.CancellablePipelineAsync,com.castsoftware.dotnet.mediatr,1.1.0-beta1
FluentMediator.Pipelines.Pipeline,com.castsoftware.dotnet.mediatr,1.1.0-beta1
FluentMediator.Pipelines.PipelineAsync,com.castsoftware.dotnet.mediatr,1.1.0-beta1
FluentNHibernate.Mapping,com.castsoftware.dotnet.nhibernate,1.0.0-alpha2
Flurl.Http,com.castsoftware.dotnet.service,1.0.0-beta2
Google.Cloud.Bigtable.Admin.V2,com.castsoftware.dotnet.gcp,1.0.1-funcrel
Google.Cloud.Bigtable.V2,com.castsoftware.dotnet.gcp,1.0.1-funcrel
Google.Cloud.PubSub.V1,com.castsoftware.dotnet.gcp,1.0.1-funcrel
Google.Cloud.Storage.V1,com.castsoftware.dotnet.gcp,1.0.1-funcrel
Handyman.Mediator,com.castsoftware.dotnet.mediatr,1.1.0-beta1
IBM.Data.DB2,com.castsoftware.dotnet.ado,1.0.0-beta1
IBM.Data.DB2.Core,com.castsoftware.dotnet.ado,1.0.0-beta1
IBM.Data.DB2.iSeries,com.castsoftware.dotnet.ado,1.0.0-beta1
IBM.Data.Informix,com.castsoftware.dotnet.ado,1.0.0-beta2
IBM.WMQ,com.castsoftware.dotnet.ibmmq,1.0.0-alpha1
IBM.XMS,com.castsoftware.dotnet.ibmmq,1.0.0-alpha1
IBatisNet.DataMapper,com.castsoftware.ibatis,1.3.0-alpha1
Instance,com.castsoftware.nodejs,2.9.0-alpha2
LazyCache,com.castsoftware.nosqldotnet,1.8.2-funcrel
LinqToDB,com.castsoftware.dotnet.ado,1.1.2-funcrel
LinqToDB.Mapping,com.castsoftware.dotnet.ado,1.1.2-funcrel
Lucene.Net.Index,com.castsoftware.nosqldotnet,1.8.2-funcrel
Lucene.Net.Search,com.castsoftware.nosqldotnet,1.8.2-funcrel
MSMQ.Messaging,com.castsoftware.dotnet.msmq,1.0.0-alpha1
MassTransit,com.castsoftware.dotnet.kafka,1.0.1-funcrel
MassTransit,com.castsoftware.dotnet.rabbitmq,1.0.0-beta2
MediatR,com.castsoftware.dotnet.mediatr,1.0.0-alpha1
Mediator,com.castsoftware.dotnet.mediatr,1.0.0-beta1
Mediator.Net,com.castsoftware.dotnet.mediatr,1.1.0-beta1
Microsoft.ApplicationBlocks.Data,com.castsoftware.dotnet.msappblocksdata,1.0.0-alpha1
Microsoft.AspNet.SignalR.Client,com.castsoftware.azure.dotnet,1.0.0-beta3
Microsoft.AspNet.SignalR.Client.Hubs,com.castsoftware.azure.dotnet,1.0.0-beta3
Microsoft.AspNetCore.Builder,com.castsoftware.azure.dotnet,1.0.0-beta3
Microsoft.AspNetCore.SignalR,com.castsoftware.azure.dotnet,1.0.0-beta3
Microsoft.AspNetCore.SignalR.Client,com.castsoftware.azure.dotnet,1.0.0-beta3
Microsoft.Azure,com.castsoftware.nosqldotnet,1.8.2-funcrel
Microsoft.Azure.Cosmos,com.castsoftware.nosqldotnet,1.8.2-funcrel
Microsoft.Azure.Cosmos.Fluent,com.castsoftware.nosqldotnet,1.8.2-funcrel
Microsoft.Azure.Documents,com.castsoftware.nosqldotnet,1.8.2-funcrel
Microsoft.Azure.Documents.Client,com.castsoftware.nosqldotnet,1.8.2-funcrel
Microsoft.Azure.Documents.Linq,com.castsoftware.nosqldotnet,1.8.7-funcrel
Microsoft.Azure.EventHubs,com.castsoftware.azure.dotnet,1.0.0-beta2
Microsoft.Azure.EventHubs.Processor,com.castsoftware.azure.dotnet,1.0.0-beta2
Microsoft.Azure.Functions.Worker,com.castsoftware.azure.dotnet,1.0.0-beta1
Microsoft.Azure.ServiceBus.Core,com.castsoftware.azure.dotnet,1.0.0-alpha3
Microsoft.Azure.WebJobs,com.castsoftware.azure.dotnet,1.0.0-alpha4
Microsoft.Azure.WebJobs.Extensions.DurableTask,com.castsoftware.azure.dotnet,1.0.0-alpha4
Microsoft.Azure.WebJobs.Extensions.SignalRService,com.castsoftware.azure.dotnet,1.0.0-beta3
Microsoft.Data.SqlClient,com.castsoftware.dotnet.ado,1.0.0-alpha1
Microsoft.Data.Sqlite,com.castsoftware.dotnet.ado,1.0.0-beta1
Microsoft.EntityFrameworkCore,com.castsoftware.entity,2.2.0-alpha1
Microsoft.Extensions.Caching.Redis,com.castsoftware.nosqldotnet,1.8.2-funcrel
Microsoft.Extensions.Caching.StackExchangeRedis,com.castsoftware.nosqldotnet,1.8.2-funcrel
Microsoft.Extensions.DependencyInjection,com.castsoftware.dotnet.kafka,1.0.1-funcrel
Microsoft.Extensions.DependencyInjection,com.castsoftware.dotnet.rabbitmq,1.0.0-beta2
Microsoft.OData.Client,com.castsoftware.dotnet.odata,1.0.0-alpha1
Microsoft.Practices.EnterpriseLibrary.Data,com.castsoftware.msenterpriselibrary,1.0.0-alpha1
Microsoft.Practices.EnterpriseLibrary.Data.Oracle,com.castsoftware.msenterpriselibrary,1.0.0-beta1
Microsoft.Practices.EnterpriseLibrary.Data.Sql,com.castsoftware.msenterpriselibrary,1.0.0-alpha1
Microsoft.Practices.EnterpriseLibrary.Data.SqlCe,com.castsoftware.msenterpriselibrary,1.0.0-funcrel
Microsoft.ServiceBus.Messaging,com.castsoftware.azure.dotnet,1.0.3-funcrel
Microsoft.SqlServer.Server,com.castsoftware.dotnet.ado,1.0.0-beta2
MongoDB.Driver,com.castsoftware.nosqldotnet,1.8.2-funcrel
MongoDB.Driver.Builders,com.castsoftware.nosqldotnet,1.8.2-funcrel
MySQLdb,com.castsoftware.python,1.6.7-funcrel
MySql.Data.MySqlClient,com.castsoftware.dotnet.ado,1.0.0-beta1
MySqlConnector,com.castsoftware.dotnet.ado,1.0.0-beta1
NHibernate,com.castsoftware.dotnet.nhibernate,1.0.0-alpha1
NHibernate.AdoNet,com.castsoftware.dotnet.nhibernate,1.0.0-beta4
NHibernate.Engine,com.castsoftware.dotnet.nhibernate,1.0.0-beta4
NHibernate.Impl,com.castsoftware.dotnet.nhibernate,1.1.1-funcrel
NHibernate.Linq,com.castsoftware.dotnet.nhibernate,1.1.2-funcrel
NMS.AMQP,com.castsoftware.dotnet.nms,1.0.0-beta1
NPoco,com.castsoftware.dotnet.petapoco,1.0.0-alpha1
NPoco.FluentMappings,com.castsoftware.dotnet.petapoco,1.0.0-beta1
NServiceBus,com.castsoftware.dotnet.rabbitmq,1.0.0-funcrel
Nest,com.castsoftware.nosqldotnet,1.8.2-funcrel
Npgsql,com.castsoftware.dotnet.ado,1.0.0-beta1
Oracle.DataAccess.Client,com.castsoftware.dotnet.ado,1.0.0-alpha2
Oracle.ManagedDataAccess.Client,com.castsoftware.dotnet.ado,1.0.0-alpha2
Owin,com.castsoftware.azure.dotnet,1.0.0-beta3
PetaPoco,com.castsoftware.dotnet.petapoco,1.0.0-alpha1
PubSub,com.castsoftware.nodejs,2.9.0-beta4
PublisherClient,com.castsoftware.nodejs,2.9.0-beta3
RabbitMQ.Client,com.castsoftware.dotnet.rabbitmq,1.0.0-beta2
RestSharp,com.castsoftware.dotnet.service,1.0.0-beta2
Row,com.castsoftware.nodejs,2.9.0-alpha2
SQLite,com.castsoftware.dotnet.ado,1.0.0-beta2
Server,com.castsoftware.nodejs,2.10.0-beta1
ServiceStack.Redis,com.castsoftware.nosqldotnet,1.8.2-funcrel
Simple.OData.Client,com.castsoftware.dotnet.odata,1.0.0-beta1
Snowflake.Client,com.castsoftware.dotnet.ado,1.0.0-beta1
Snowflake.Data.Client,com.castsoftware.dotnet.ado,1.0.0-beta1
SoapCore,com.castsoftware.dotnet.soap,1.0.0-beta1
SolrNet,com.castsoftware.nosqldotnet,1.8.2-funcrel
SolrNet.Cloud,com.castsoftware.nosqldotnet,1.8.2-funcrel
Spring.Data.Core,com.castsoftware.dotnet.ado,1.0.0-beta1
Spring.Data.Generic,com.castsoftware.dotnet.ado,1.0.0-alpha2
SqlBatis.DataMapper,com.castsoftware.ibatis,1.3.0-alpha1
StackExchange.Redis,com.castsoftware.nosqldotnet,1.8.2-funcrel
Storage,com.castsoftware.nodejs,2.9.0-beta1
Streamiz.Kafka.Net.Stream,com.castsoftware.dotnet.kafka,1.0.1-funcrel
SubSonic,com.castsoftware.dotnet.subsonic,1.0.0-alpha1
SubSonic.DataService,com.castsoftware.dotnet.subsonic,1.0.0-alpha1
SubSonic.TableSchema,com.castsoftware.dotnet.subsonic,1.0.0-alpha1
SubscriberClient,com.castsoftware.nodejs,2.9.0-beta3
Subscription,com.castsoftware.nodejs,2.9.0-beta3
Sybase.Data.AseClient,com.castsoftware.dotnet.ado,1.0.0-beta1
System,com.castsoftware.dotnet.remoting,1.0.0-alpha1
System.Collections.Generic,com.castsoftware.entity,2.3.0-funcrel
System.Collections.Generic,com.castsoftware.nosqldotnet,1.8.2-funcrel
System.Data,com.castsoftware.dotnet.ado,1.0.0-alpha1
System.Data.Common,com.castsoftware.dotnet.ado,1.0.0-alpha1
System.Data.Entity,com.castsoftware.entity,2.2.0-alpha1
System.Data.Entity.Core.EntityClient,com.castsoftware.dotnet.ado,1.0.0-alpha2
System.Data.Entity.Core.Objects,com.castsoftware.entity,2.2.2-funcrel
System.Data.Entity.Infrastructure,com.castsoftware.entity,2.2.6-funcrel
System.Data.Entity.Migrations,com.castsoftware.entity,2.2.0-beta1
System.Data.Entity.ModelConfiguration,com.castsoftware.entity,2.2.0-alpha1
System.Data.Entity.ModelConfiguration.Configuration,com.castsoftware.entity,2.2.0-alpha2
System.Data.EntityClient,com.castsoftware.dotnet.ado,1.0.0-alpha2
System.Data.Linq,com.castsoftware.dotnet.ado,1.0.0-alpha1
System.Data.Objects,com.castsoftware.entity,2.2.2-funcrel
System.Data.Odbc,com.castsoftware.dotnet.ado,1.0.0-alpha1
System.Data.OleDb,com.castsoftware.dotnet.ado,1.0.0-alpha1
System.Data.OracleClient,com.castsoftware.dotnet.ado,1.0.0-alpha1
System.Data.SQLite,com.castsoftware.dotnet.ado,1.0.0-beta1
System.Data.Services.Client,com.castsoftware.dotnet.odata,1.0.0-beta2
System.Data.SqlClient,com.castsoftware.dotnet.ado,1.0.0-alpha1
System.Data.SqlServerCe,com.castsoftware.dotnet.ado,1.0.0-beta1
System.Linq,com.castsoftware.dotnet.ado,1.1.0-funcrel
System.Linq,com.castsoftware.dotnet.nhibernate,1.1.2-funcrel
System.Linq,com.castsoftware.dotnet.odata,1.0.0-alpha2
System.Linq,com.castsoftware.entity,2.2.0-alpha1
System.Messaging,com.castsoftware.dotnet.msmq,1.0.0-alpha1
System.Net,com.castsoftware.dotnet.service,1.0.0-alpha1
System.Net.Http,com.castsoftware.dotnet.service,1.0.0-alpha1
System.Runtime.Remoting,com.castsoftware.dotnet.remoting,1.0.0-alpha1
System.Web.Routing,com.castsoftware.azure.dotnet,1.0.0-beta3
System.Web.Services.Protocols,com.castsoftware.dotnet.soap,1.0.0-alpha1
Table,com.castsoftware.nodejs,2.9.0-alpha2
Teradata.Client.Provider,com.castsoftware.dotnet.ado,1.0.0-beta1
Topic,com.castsoftware.nodejs,2.9.0-beta3
Windows.Web.Http,com.castsoftware.dotnet.service,1.0.0-alpha1
WindowsAzureMemcachedHelpers,com.castsoftware.nosqldotnet,1.8.2-funcrel
Z.Dapper.Plus,com.castsoftware.dotnet.dapper,1.0.0-alpha3
Z.EntityFramework.Plus,com.castsoftware.entity,2.2.5-funcrel
aioch,com.castsoftware.python,1.6.7-funcrel
aiohttp,com.castsoftware.python,1.6.0-alpha7
aiomysql,com.castsoftware.python,1.6.7-funcrel
aioodbc,com.castsoftware.python,1.6.7-funcrel
aiopg,com.castsoftware.python,1.6.7-funcrel
aioredis,com.castsoftware.python,1.6.7-funcrel
android.content,com.castsoftware.android,1.0.0-alpha3
android.database.sqlite,com.castsoftware.android,2.1.11-funcrel
asyncio,com.castsoftware.python,1.6.0-alpha2
asyncpg,com.castsoftware.python,1.6.7-funcrel
asyncssh,com.castsoftware.python,1.6.0-alpha8
builtins,com.castsoftware.python,1.6.0-alpha3
cassandra.cluster,com.castsoftware.python,1.6.7-funcrel
clickhouse_driver,com.castsoftware.python,1.6.7-funcrel
clickhouse_driver.dbapi.connection,com.castsoftware.python,1.6.7-funcrel
co.elastic.clients.elasticsearch,com.castsoftware.nosqljava,1.9.5-funcrel
co.elastic.clients.elasticsearch.indices,com.castsoftware.nosqljava,1.9.5-funcrel
codecs,com.castsoftware.python,1.6.0-alpha3
com.amazonaws.client.builder,com.castsoftware.nosqljava,1.8.2-funcrel
com.amazonaws.services.dynamodbv2,com.castsoftware.nosqljava,1.8.2-funcrel
com.amazonaws.services.dynamodbv2.datamodeling,com.castsoftware.nosqljava,1.8.2-funcrel
com.amazonaws.services.dynamodbv2.document,com.castsoftware.nosqljava,1.8.2-funcrel
com.amazonaws.services.dynamodbv2.util,com.castsoftware.nosqljava,1.8.2-funcrel
com.amazonaws.services.lambda,com.castsoftware.awsjava,1.2.0-alpha2
com.amazonaws.services.s3,com.castsoftware.awsjava,1.2.0-alpha2
com.amazonaws.services.sns,com.castsoftware.awsjava,1.2.0-alpha2
com.amazonaws.services.sns.util,com.castsoftware.awsjava,1.2.0-alpha2
com.amazonaws.services.sqs,com.castsoftware.mqe,1.2.0-alpha4
com.android.volley,com.castsoftware.android,2.1.10-funcrel
com.arkea.api.shared.rest,com.castsoftware.java.service,1.0.4-funcrel
com.axelor.apps,com.castsoftware.birt,1.0.0-alpha1
com.azure.cosmos,com.castsoftware.nosqljava,1.8.2-funcrel
com.azure.messaging.eventhubs,com.castsoftware.azure.java,1.0.0-beta2
com.azure.messaging.servicebus,com.castsoftware.azure.java,1.0.0-alpha2
com.azure.spring.data.cosmos.repository,com.castsoftware.nosqljava,1.8.2-funcrel
com.bouygtel.corbis.common.client.soap,com.castsoftware.jaxws,1.1.0-funcrel
com.bouygtel.interventions.client,com.castsoftware.jaxws,1.1.0-funcrel
com.bouygtel.interventions.interfaces.soap,com.castsoftware.jaxws,1.1.0-funcrel
com.couchbase.client.java,com.castsoftware.nosqljava,1.8.2-funcrel
com.couchbase.client.java.query,com.castsoftware.nosqljava,1.8.2-funcrel
com.couchbase.lite,com.castsoftware.nosqljava,1.0.0-alpha1
com.datastax.driver.core,com.castsoftware.java.cassandra,1.0.0-beta1
com.datastax.oss.driver.api.core,com.castsoftware.java.cassandra,1.0.0-beta1
com.datastax.oss.driver.api.core.cql.session,com.castsoftware.java.cassandra,1.0.0-beta1
com.datastax.oss.driver.api.core.session,com.castsoftware.java.cassandra,1.0.0-beta2
com.datastax.oss.driver.api.querybuilder,com.castsoftware.java.cassandra,1.0.0-beta1
com.datastax.oss.driver.core,com.castsoftware.java.cassandra,1.0.0-beta1
com.github.vanroy.springdata.jest,com.castsoftware.nosqljava,1.8.2-funcrel
com.google.api.gax.rpc,com.castsoftware.java.gcp,1.0.0-beta2
com.google.cloud.bigtable.admin.v2,com.castsoftware.java.gcp,1.0.0-alpha1
com.google.cloud.bigtable.data.v2,com.castsoftware.java.gcp,1.0.0-alpha1
com.google.cloud.pubsub.v1,com.castsoftware.java.gcp,1.0.0-beta2
com.google.cloud.storage,com.castsoftware.java.gcp,1.0.0-beta1
com.google.gwt.user.client,com.castsoftware.jeerules,2.0.0-beta1
com.hybris.ymkt.common.http,com.castsoftware.sap.hybris,1.0.0-funcrel
com.hybris.ymkt.common.odata,com.castsoftware.sap.hybris,1.0.0-funcrel
com.ibatis.sqlmap.client,com.castsoftware.ibatis,1.3.0-alpha1
com.ibm.as400.access,com.castsoftware.java2program,1.1.0-funcrel
com.ibm.connector2.cics,com.castsoftware.java2program,1.1.0-funcrel
com.ibm.ctg.client,com.castsoftware.java2program,1.1.0-funcrel
com.ibm.mq,com.castsoftware.mqe,1.2.0-alpha6
com.ibm.mq.jms,com.castsoftware.mqe,1.2.0-alpha6
com.j256.ormlite.dao,com.castsoftware.ormlite,1.0.0-alpha1
com.j256.ormlite.stmt,com.castsoftware.ormlite,1.0.0-alpha2
com.marklogic.client,com.castsoftware.nosqljava,1.0.0-alpha1
com.marklogic.client.bitemporal,com.castsoftware.nosqljava,1.0.0-alpha1
com.marklogic.client.document,com.castsoftware.nosqljava,1.0.0-alpha1
com.marklogic.client.query,com.castsoftware.nosqljava,1.0.0-alpha1
com.marklogic.client.query.QueryManager,com.castsoftware.nosqljava,1.0.0-alpha1
com.microsoft.azure.cosmosdb.rx,com.castsoftware.nosqljava,1.8.2-funcrel
com.microsoft.azure.documentdb,com.castsoftware.nosqljava,1.8.2-funcrel
com.microsoft.azure.eventhubs,com.castsoftware.azure.java,1.0.0-beta2
com.microsoft.azure.eventprocessorhost,com.castsoftware.azure.java,1.0.0-beta2
com.microsoft.azure.eventprocessorhost.EventProcessorHost.EventProcessorHostBuilder,com.castsoftware.azure.java,1.0.0-beta2
com.microsoft.azure.servicebus,com.castsoftware.azure.java,1.0.0-beta1
com.microsoft.azure.spring.data.cosmosdb.core,com.castsoftware.nosqljava,1.8.2-funcrel
com.microsoft.azure.spring.data.cosmosdb.repository,com.castsoftware.nosqljava,1.8.2-funcrel
com.microsoft.signalr,com.castsoftware.azure.java,1.0.0-beta3
com.mongodb,com.castsoftware.nosqljava,1.8.2-funcrel
com.mongodb.async.client,com.castsoftware.nosqljava,1.9.0-funcrel
com.mongodb.client,com.castsoftware.nosqljava,1.8.2-funcrel
com.mongodb.client.MongoCollection,com.castsoftware.nosqljava,1.8.2-funcrel
com.mysema.query.jpa,com.castsoftware.springdata,2.1.0-alpha4
com.mysema.query.jpa.impl,com.castsoftware.springdata,2.1.0-alpha4
com.querydsl.jpa,com.castsoftware.springdata,2.0.0-alpha1
com.querydsl.jpa.impl,com.castsoftware.springdata,2.0.0-alpha1
com.rabbitmq.client,com.castsoftware.mqe,1.1.1-funcrel
com.squareup.okhttp,com.castsoftware.java.service,1.0.4-funcrel
com.sun.jersey.api.client,com.castsoftware.java.service,1.0.4-funcrel
com.sun.jersey.api.client.WebResource,com.castsoftware.java.service,1.0.4-funcrel
com.sun.xml.rpc.client.dii,com.castsoftware.jaxws,1.1.1-funcrel
com.vaadin.event.FieldEvents,com.castsoftware.vaadin,1.0.0-alpha2
com.vaadin.flow.component,com.castsoftware.vaadin,1.0.0-alpha1
com.vaadin.flow.component.button,com.castsoftware.vaadin,1.0.0-alpha1
com.vaadin.flow.component.checkbox,com.castsoftware.vaadin,1.0.0-beta1
com.vaadin.flow.component.combobox,com.castsoftware.vaadin,1.0.0-beta1
com.vaadin.ui,com.castsoftware.vaadin,1.0.0-alpha1
com.westcoast.jbaclient.persistence,com.castsoftware.java.sql,1.0.2-funcrel
cx_Oracle,com.castsoftware.python,1.6.7-funcrel
cz.msebera.android.httpclient.client.methods,com.castsoftware.android,1.0.0-alpha1
dircache,com.castsoftware.python,1.6.0-alpha3
django,com.castsoftware.python,1.6.0-alpha4
django.core.validators,com.castsoftware.python,1.6.0-alpha4
elementpath,com.castsoftware.python,1.6.0-alpha2
fabric.connection,com.castsoftware.python,1.6.0-alpha5
fabric.group,com.castsoftware.python,1.6.0-alpha5
fastapi,com.castsoftware.python,1.6.0-alpha6
fastapi.responses,com.castsoftware.python,1.6.0-alpha6
fastapi.templating,com.castsoftware.python,1.6.0-alpha6
fileinput,com.castsoftware.python,1.6.0-alpha3
flask,com.castsoftware.python,1.6.0-alpha3
flask_cors,com.castsoftware.python,1.6.0-alpha9
freemarker.template,com.castsoftware.java.freemarker,1.0.0-alpha1
glob,com.castsoftware.python,1.6.0-alpha3
http.client,com.castsoftware.python,1.6.0-alpha7
httpx,com.castsoftware.python,1.6.0-alpha7
io,com.castsoftware.python,1.6.0-alpha3
io.awspring.cloud.messaging.core,com.castsoftware.mqe,1.3.1-funcrel
io.awspring.cloud.messaging.core.support,com.castsoftware.mqe,1.3.1-funcrel
io.ebean,com.castsoftware.java.hibernate,1.0.0-beta2
io.lettuce.core,com.castsoftware.nosqljava,1.8.2-funcrel
io.lettuce.core.api.async,com.castsoftware.nosqljava,1.8.2-funcrel
io.lettuce.core.api.reactive,com.castsoftware.nosqljava,1.9.0-funcrel
io.lettuce.core.api.sync,com.castsoftware.nosqljava,1.8.2-funcrel
io.quarkus.hibernate.orm.panache,com.castsoftware.java.hibernate,1.1.0-beta1
io.quarkus.hibernate.orm.panache,com.castsoftware.springdata,2.2.0-beta1
io.searchbox.client,com.castsoftware.nosqljava,1.8.2-funcrel
io.searchbox.client.config.HttpClientConfig,com.castsoftware.nosqljava,1.8.2-funcrel
io.vertx.core.http,com.castsoftware.java.service,1.0.4-funcrel
io.vertx.ext.web.client,com.castsoftware.java.service,1.0.4-funcrel
jakarta.batch.operations,com.castsoftware.springbatch,3.1.6-funcrel
jakarta.jms,com.castsoftware.mqe,1.3.0-funcrel
jakarta.jms.Message,com.castsoftware.mqe,1.4.2-funcrel
jakarta.persistence,com.castsoftware.java.hibernate,1.0.0-beta4
jakarta.servlet,com.castsoftware.jeerules,2.0.0-alpha1
jakarta.servlet.http,com.castsoftware.jeerules,1.5.2-funcrel
jakarta.ws.rs.client,com.castsoftware.java.service,1.0.6-funcrel
jakarta.ws.rs.core,com.castsoftware.jeerules,2.0.0-beta1
jakarta.xml.rpc,com.castsoftware.jaxws,1.1.0-beta3
jakarta.xml.soap,com.castsoftware.jaxws,1.1.0-funcrel
java.awt,com.castsoftware.swing,1.0.0-funcrel
java.beans,com.castsoftware.jeerules,1.5.0-beta3
java.io,com.castsoftware.jeerules,1.1.0-alpha2
java.lang,com.castsoftware.java2program,1.0.0-beta1
java.lang,com.castsoftware.jeerules,1.1.0-alpha2
java.net,com.castsoftware.android,1.0.0-alpha2
java.net,com.castsoftware.java.service,1.0.4-funcrel
java.net,com.castsoftware.jeerules,1.1.0-alpha2
java.net.http,com.castsoftware.java.service,1.1.0-funcrel
java.nio.file,com.castsoftware.jeerules,2.0.0-beta1
java.security,com.castsoftware.jeerules,1.0.0-alpha1
java.sql,com.castsoftware.java.sql,1.0.0-alpha1
java.sql,com.castsoftware.jeerules,1.1.0-alpha2
java.util,com.castsoftware.jeerules,1.0.0-alpha1
javafx.fxml,com.castsoftware.swing,1.1.0-beta1
javafx.scene,com.castsoftware.swing,1.1.0-beta1
javafx.scene.control,com.castsoftware.swing,1.1.0-beta1
javax.awt,com.castsoftware.swing,1.0.0-funcrel
javax.batch.operations,com.castsoftware.springbatch,3.0.0-beta1
javax.crypto,com.castsoftware.android,1.1.0-beta1
javax.crypto,com.castsoftware.jeerules,1.0.0-alpha1
javax.crypto.spec,com.castsoftware.jeerules,1.0.0-alpha1
javax.jms,com.castsoftware.mqe,1.2.0-alpha1
javax.jms.Message,com.castsoftware.mqe,1.2.4-funcrel
javax.net.ssl,com.castsoftware.jeerules,1.0.0-alpha1
javax.persistence,com.castsoftware.java.hibernate,1.0.0-beta4
javax.servlet,com.castsoftware.jeerules,1.1.0-alpha2
javax.servlet.http,com.castsoftware.jeerules,1.0.0-alpha1
javax.sql,com.castsoftware.java.sql,1.0.0-beta1
javax.swing,com.castsoftware.swing,1.0.0-funcrel
javax.swing.table,com.castsoftware.swing,1.0.0-funcrel
javax.swing.text,com.castsoftware.swing,1.0.0-funcrel
javax.swing.tree,com.castsoftware.swing,1.0.0-funcrel
javax.swing.undo,com.castsoftware.swing,1.0.0-funcrel
javax.ws.rs.client,com.castsoftware.java.service,1.0.4-funcrel
javax.ws.rs.core,com.castsoftware.jeerules,2.0.0-beta1
javax.xml.bind,com.castsoftware.jeerules,1.5.0-beta3
javax.xml.parsers,com.castsoftware.jeerules,1.4.4-funcrel
javax.xml.rpc,com.castsoftware.jaxws,1.1.0-beta3
javax.xml.soap,com.castsoftware.jaxws,1.1.0-funcrel
javax.xml.stream,com.castsoftware.jeerules,1.4.4-funcrel
javax.xml.transform,com.castsoftware.jeerules,1.5.0-beta2
javax.xml.transform.sax,com.castsoftware.jeerules,1.5.0-beta2
javax.xml.validation,com.castsoftware.jeerules,1.5.0-beta2
javax.xml.xpath,com.castsoftware.jeerules,1.4.4-funcrel
ldap,com.castsoftware.python,1.6.0-alpha7
ldap3,com.castsoftware.python,1.6.0-alpha7
libxml2,com.castsoftware.python,1.6.0-alpha2
linecache,com.castsoftware.python,1.6.0-alpha3
logging,com.castsoftware.python,1.6.0-alpha5
lxml,com.castsoftware.python,1.6.0-alpha4
lxml.etree,com.castsoftware.python,1.6.0-alpha2
lxml.html,com.castsoftware.python,1.6.0-alpha4
macpath,com.castsoftware.python,1.6.0-alpha3
motor.motor_asyncio,com.castsoftware.python,1.6.7-funcrel
motor.motor_tornado,com.castsoftware.python,1.6.7-funcrel
mysql,com.castsoftware.python,1.6.7-funcrel
mysql.connector.connection,com.castsoftware.python,1.6.7-funcrel
mysqlclient,com.castsoftware.python,1.6.7-funcrel
net.sf.hibernate,com.castsoftware.java.hibernate,1.0.0-beta6
net.sf.hibernate.engine,com.castsoftware.java.hibernate,1.0.0-beta6
net.sf.hibernate.impl,com.castsoftware.java.hibernate,1.0.0-beta6
net.sf.hibernate.jca,com.castsoftware.java.hibernate,1.0.0-beta6
net.spy.memcached,com.castsoftware.nosqljava,1.8.2-funcrel
okhttp3,com.castsoftware.java.service,1.0.4-funcrel
oracle.xml.parser.v2,com.castsoftware.jeerules,1.5.0-beta3
oracledb,com.castsoftware.python,1.6.7-funcrel
org,com.castsoftware.nosqljava,1.0.0-alpha1
org.apache.activemq,com.castsoftware.jeerules,2.0.0-alpha1
org.apache.activemq.transport.stomp,com.castsoftware.mqe,1.4.0-beta1
org.apache.axis.client,com.castsoftware.jaxws,1.1.0-beta3
org.apache.camel.builder,com.castsoftware.camel,1.0.0-alpha2
org.apache.camel.model,com.castsoftware.camel,1.0.0-alpha2
org.apache.commons.dbutils,com.castsoftware.java.commondbutils,1.0.0-alpha1
org.apache.commons.httpclient,com.castsoftware.java.service,1.0.4-funcrel
org.apache.commons.httpclient,com.castsoftware.jeerules,2.0.0-beta1
org.apache.cxf.jaxrs.client,com.castsoftware.java.service,1.0.4-funcrel
org.apache.hc.client5.http.classic,com.castsoftware.java.service,1.1.2-funcrel
org.apache.hc.client5.http.impl.classic,com.castsoftware.java.service,1.1.2-funcrel
org.apache.http,com.castsoftware.nosqljava,1.8.2-funcrel
org.apache.http.client,com.castsoftware.java.service,1.0.4-funcrel
org.apache.http.client.methods,com.castsoftware.android,1.0.0-alpha2
org.apache.http.impl.client,com.castsoftware.java.service,1.0.4-funcrel
org.apache.http.impl.client,com.castsoftware.jeerules,2.0.0-alpha1
org.apache.http.impl.cookie,com.castsoftware.jeerules,2.0.0-beta1
org.apache.http.impl.nio.client,com.castsoftware.java.service,1.0.4-funcrel
org.apache.ibatis.session,com.castsoftware.ibatis,1.3.0-alpha1
org.apache.kafka.clients.consumer,com.castsoftware.mqe,1.2.0-alpha5
org.apache.kafka.clients.producer,com.castsoftware.mqe,1.2.0-alpha5
org.apache.lucene.index,com.castsoftware.nosqljava,1.8.2-funcrel
org.apache.lucene.search,com.castsoftware.nosqljava,1.8.2-funcrel
org.apache.openjpa.persistence,com.castsoftware.java.hibernate,1.0.0-beta91
org.apache.soap.rpc,com.castsoftware.jaxws,1.1.0-beta3
org.apache.solr.client.solrj,com.castsoftware.nosqljava,1.8.2-funcrel
org.apache.spark.sql,com.castsoftware.java.spark,1.0.0-alpha1
org.apache.struts.action,com.castsoftware.struts,1.1.0-alpha2
org.apache.struts.config,com.castsoftware.struts,1.1.0-alpha2
org.apache.wicket,com.castsoftware.wicket,1.0.0-alpha2
org.apache.wicket.ajax,com.castsoftware.wicket,1.0.0-funcrel
org.apache.wicket.ajax.markup.html,com.castsoftware.wicket,1.0.0-beta1
org.apache.wicket.core.request.handler,com.castsoftware.wicket,1.0.0-funcrel
org.apache.wicket.extensions.ajax.markup.html,com.castsoftware.wicket,1.0.0-beta1
org.apache.wicket.markup.html,com.castsoftware.wicket,1.0.0-funcrel
org.apache.wicket.markup.html.form,com.castsoftware.wicket,1.0.0-alpha2
org.apache.wicket.page,com.castsoftware.wicket,1.0.0-alpha2
org.apache.wink.client,com.castsoftware.java.service,1.0.4-funcrel
org.bouncycastle.crypto.digests,com.castsoftware.jeerules,1.5.0-beta1
org.bouncycastle.crypto.generators,com.castsoftware.jeerules,1.5.0-beta1
org.eclipse.birt.report.engine.api,com.castsoftware.birt,1.0.0-alpha1
org.eclipse.compare.contentmergeviewer,com.castsoftware.swing,1.0.1-funcrel
org.eclipse.jetty.servlet,com.castsoftware.jeerules,2.1.0-alpha1
org.eclipse.jface.text,com.castsoftware.swing,1.0.1-funcrel
org.eclipse.jface.viewers,com.castsoftware.swing,1.0.1-funcrel
org.eclipse.persistence.jpa,com.castsoftware.java.hibernate,1.0.0-beta91
org.eclipse.persistence.queries,com.castsoftware.java.hibernate,1.0.0-beta7
org.eclipse.persistence.sessions,com.castsoftware.java.hibernate,1.0.0-beta7
org.eclipse.swt,com.castsoftware.swing,1.0.1-funcrel
org.eclipse.swt.widgets,com.castsoftware.swing,1.0.1-funcrel
org.ektorp,com.castsoftware.nosqljava,1.0.0-alpha1
org.ektorp.util,com.castsoftware.nosqljava,1.0.0-alpha1
org.elasticsearch.action.get,com.castsoftware.nosqljava,1.8.2-funcrel
org.elasticsearch.action.support.replication,com.castsoftware.nosqljava,1.8.2-funcrel
org.elasticsearch.action.support.single.shard,com.castsoftware.nosqljava,1.8.2-funcrel
org.elasticsearch.client,com.castsoftware.nosqljava,1.8.2-funcrel
org.elasticsearch.client.support,com.castsoftware.nosqljava,1.8.2-funcrel
org.elasticsearch.transport.client,com.castsoftware.nosqljava,1.8.2-funcrel
org.hibernate,com.castsoftware.java.hibernate,1.0.0-alpha1
org.hibernate.classic,com.castsoftware.java.hibernate,1.0.0-beta5
org.hibernate.engine,com.castsoftware.java.hibernate,1.0.0-beta5
org.hibernate.engine.spi,com.castsoftware.java.hibernate,1.0.0-beta6
org.hibernate.event,com.castsoftware.java.hibernate,1.0.0-beta5
org.hibernate.event.spi,com.castsoftware.java.hibernate,1.0.0-beta91
org.hibernate.impl,com.castsoftware.java.hibernate,1.0.0-beta5
org.hibernate.internal,com.castsoftware.java.hibernate,1.0.0-beta6
org.hibernate.procedure,com.castsoftware.java.hibernate,1.0.2-funcrel
org.hibernate.query,com.castsoftware.java.hibernate,1.0.0-beta5
org.hibernate.query.sqm.internal,com.castsoftware.java.hibernate,1.0.0-beta7
org.ho.yaml,com.castsoftware.jeerules,1.3.0-alpha3
org.jboss.axis.client,com.castsoftware.jaxws,1.1.0-beta3
org.jboss.resteasy.client,com.castsoftware.java.service,1.0.4-funcrel
org.jdbi.v3.core,com.castsoftware.java.jdbi,1.0.0-alpha1
org.jdbi.v3.core.result,com.castsoftware.java.jdbi,1.0.0-alpha1
org.jdbi.v3.core.statement,com.castsoftware.java.jdbi,1.0.0-alpha1
org.jdom2.input,com.castsoftware.jeerules,1.5.0-beta2
org.jongo,com.castsoftware.nosqljava,1.8.2-funcrel
org.jooq,com.castsoftware.jooq,1.0.0-alpha1
org.jooq.impl,com.castsoftware.jooq,1.0.0-beta1
org.lightcouch,com.castsoftware.nosqljava,1.0.0-alpha1
org.mongodb.morphia,com.castsoftware.nosqljava,1.9.0-beta1
org.mongodb.morphia.dao,com.castsoftware.nosqljava,1.9.0-beta1
org.mongodb.morphia.query,com.castsoftware.nosqljava,1.9.0-beta1
org.mongojack,com.castsoftware.nosqljava,1.9.0-beta1
org.mybatis.spring,com.castsoftware.ibatis,1.3.0-funcrel
org.owasp.esapi,com.castsoftware.jeerules,1.0.0-alpha1
org.passay,com.castsoftware.jeerules,2.1.0-alpha1
org.reactivestreams,com.castsoftware.nosqljava,1.9.0-funcrel
org.redisson,com.castsoftware.nosqljava,2.0.0-alpha1
org.redisson.api,com.castsoftware.nosqljava,2.0.0-alpha1
org.resthub.web.Client,com.castsoftware.java.service,1.0.4-funcrel
org.skife.jdbi.v2,com.castsoftware.java.jdbi,1.0.0-beta1
org.socialsignin.spring.data.dynamodb.core,com.castsoftware.nosqljava,1.9.5-funcrel
org.socialsignin.spring.data.dynamodb.repository,com.castsoftware.nosqljava,1.8.2-funcrel
org.springframework.amqp.core,com.castsoftware.mqe,1.2.3-funcrel
org.springframework.amqp.core.BindingBuilder,com.castsoftware.mqe,1.2.5-funcrel
org.springframework.amqp.rabbit.core,com.castsoftware.mqe,1.2.3-funcrel
org.springframework.batch.core.job.builder,com.castsoftware.springbatch,3.1.2-funcrel
org.springframework.batch.core.jsr.launch,com.castsoftware.springbatch,3.0.0-beta1
org.springframework.batch.core.jsr.step.builder,com.castsoftware.springbatch,3.1.4-funcrel
org.springframework.batch.core.step.builder,com.castsoftware.springbatch,3.1.2-funcrel
org.springframework.batch.integration.chunk,com.castsoftware.springbatch,3.1.4-funcrel
org.springframework.batch.item.database,com.castsoftware.springbatch,3.1.8-funcrel
org.springframework.batch.item.database.builder,com.castsoftware.springbatch,3.1.8-funcrel
org.springframework.batch.item.database.orm,com.castsoftware.springbatch,3.1.8-funcrel
org.springframework.batch.item.database.support,com.castsoftware.springbatch,3.1.8-funcrel
org.springframework.beans.factory,com.castsoftware.springbatch,3.0.0-alpha1
org.springframework.boot.web.servlet,com.castsoftware.jeerules,2.1.0-alpha1
org.springframework.cassandra.core,com.castsoftware.java.cassandra,1.0.0-beta2
org.springframework.cloud.aws.messaging.core,com.castsoftware.mqe,1.3.1-funcrel
org.springframework.cloud.aws.messaging.core.support,com.castsoftware.mqe,1.3.1-funcrel
org.springframework.context.support,com.castsoftware.springbatch,3.0.0-alpha1
org.springframework.data.cassandra.core,com.castsoftware.java.cassandra,1.0.0-beta1
org.springframework.data.cassandra.repository,com.castsoftware.java.cassandra,1.0.0-beta1
org.springframework.data.couchbase.core,com.castsoftware.nosqljava,1.8.2-funcrel
org.springframework.data.couchbase.repository.support,com.castsoftware.nosqljava,1.8.2-funcrel
org.springframework.data.elasticsearch.client.elc,com.castsoftware.nosqljava,1.9.5-funcrel
org.springframework.data.elasticsearch.client.reactive,com.castsoftware.nosqljava,1.9.5-funcrel
org.springframework.data.elasticsearch.client.reactive.ReactiveElasticsearchClient,com.castsoftware.nosqljava,1.9.5-funcrel
org.springframework.data.elasticsearch.core,com.castsoftware.nosqljava,1.8.2-funcrel
org.springframework.data.jpa.repository,com.castsoftware.nosqljava,1.8.2-funcrel
org.springframework.data.jpa.repository,com.castsoftware.springdata,2.0.0-alpha1
org.springframework.data.jpa.repository.support,com.castsoftware.springdata,2.1.1-funcrel
org.springframework.data.mongodb,com.castsoftware.nosqljava,1.8.2-funcrel
org.springframework.data.mongodb.core,com.castsoftware.nosqljava,1.8.2-funcrel
org.springframework.data.mongodb.repository,com.castsoftware.nosqljava,1.9.5-funcrel
org.springframework.data.mongodb.repository.support,com.castsoftware.nosqljava,1.9.5-funcrel
org.springframework.data.querydsl,com.castsoftware.springdata,2.1.0-beta1
org.springframework.data.redis.connection.jedis,com.castsoftware.nosqljava,1.8.2-funcrel
org.springframework.data.redis.connection.lettuce,com.castsoftware.nosqljava,1.8.2-funcrel
org.springframework.data.redis.core,com.castsoftware.nosqljava,1.8.2-funcrel
org.springframework.data.repository,com.castsoftware.java.cassandra,1.0.0-beta1
org.springframework.data.repository,com.castsoftware.nosqljava,1.8.2-funcrel
org.springframework.data.repository,com.castsoftware.springdata,2.0.0-alpha1
org.springframework.data.repository.query,com.castsoftware.springdata,2.1.0-alpha2
org.springframework.data.repository.reactive,com.castsoftware.nosqljava,1.8.2-funcrel
org.springframework.data.repository.reactive,com.castsoftware.springdata,2.1.0-beta1
org.springframework.data.solr.core,com.castsoftware.nosqljava,1.9.0-beta1
org.springframework.jdbc.core,com.castsoftware.springdata,1.1.0-alpha1
org.springframework.jdbc.core.namedparam,com.castsoftware.springdata,1.1.0-alpha1
org.springframework.jdbc.core.simple,com.castsoftware.springdata,2.0.5-funcrel
org.springframework.jdbc.core.simple.JdbcClient,com.castsoftware.springdata,2.2.0-beta1
org.springframework.jdbc.object,com.castsoftware.springdata,2.1.1-funcrel
org.springframework.jms.core,com.castsoftware.mqe,1.2.0-alpha2
org.springframework.kafka.core,com.castsoftware.mqe,1.2.0-alpha5
org.springframework.kafka.listener,com.castsoftware.mqe,1.2.0-alpha5
org.springframework.kafka.requestreply,com.castsoftware.mqe,1.2.0-alpha5
org.springframework.messaging.core,com.castsoftware.mqe,1.3.1-funcrel
org.springframework.messaging.simp,com.castsoftware.mqe,1.4.0-beta1
org.springframework.messaging.simp.stomp,com.castsoftware.mqe,1.4.0-beta1
org.springframework.orm.hibernate3,com.castsoftware.java.hibernate,1.0.0-beta5
org.springframework.orm.hibernate4,com.castsoftware.java.hibernate,1.0.0-beta5
org.springframework.orm.hibernate5,com.castsoftware.java.hibernate,1.0.0-beta5
org.springframework.orm.ibatis,com.castsoftware.ibatis,1.3.0-funcrel
org.springframework.orm.jpa,com.castsoftware.java.hibernate,1.1.1-funcrel
org.springframework.security.config.annotation.web,com.castsoftware.springsecurity,1.2.5-funcrel
org.springframework.security.config.annotation.web.builders,com.castsoftware.springsecurity,1.2.13-funcrel
org.springframework.security.config.annotation.web.configurers,com.castsoftware.springsecurity,1.2.5-funcrel
org.springframework.security.config.annotation.web.configurers.AuthorizeHttpRequestsConfigurer,com.castsoftware.springsecurity,1.2.15-funcrel
org.springframework.security.config.annotation.web.configurers.ExpressionUrlAuthorizationConfigurer,com.castsoftware.springsecurity,1.2.5-funcrel
org.springframework.security.config.web.server,com.castsoftware.springsecurity,1.2.13-funcrel
org.springframework.security.config.web.server.ServerHttpSecurity,com.castsoftware.springsecurity,1.2.5-funcrel
org.springframework.ui,com.castsoftware.java.springtemplate,1.0.0-alpha1
org.springframework.ui.freemarker,com.castsoftware.java.freemarker,1.1.0-alpha2
org.springframework.util,com.castsoftware.springsecurity,1.2.4-funcrel
org.springframework.validation,com.castsoftware.springsecurity,1.2.5-funcrel
org.springframework.web.client,com.castsoftware.java.service,1.0.4-funcrel
org.springframework.web.reactive.function.client.WebClient,com.castsoftware.java.service,1.0.4-funcrel
org.springframework.web.reactive.function.server,com.castsoftware.java.reactive,1.0.0-alpha1
org.springframework.web.reactive.function.server.RouterFunctions,com.castsoftware.java.reactive,1.0.0-alpha2
org.springframework.web.servlet.tags,com.castsoftware.jeerules,2.0.0-beta1
org.springframework.web.servlet.view.freemarker,com.castsoftware.java.freemarker,1.1.0-alpha2
org.springframework.ws.client.core,com.castsoftware.jaxws,1.1.0-funcrel
org.xml.sax,com.castsoftware.jeerules,1.4.4-funcrel
org.yaml.snakeyaml,com.castsoftware.jeerules,2.0.0-alpha1
os,com.castsoftware.python,1.6.0-alpha3
paramiko.channel,com.castsoftware.python,1.6.0-alpha8
paramiko.client,com.castsoftware.python,1.6.0-alpha8
phoenixdb,com.castsoftware.python,1.6.7-funcrel
psycopg2,com.castsoftware.python,1.6.7-funcrel
psycopg2.pool,com.castsoftware.python,1.6.7-funcrel
pymongo,com.castsoftware.python,1.6.7-funcrel
pymongo.mongo_client,com.castsoftware.python,1.6.7-funcrel
pymssql,com.castsoftware.python,1.6.7-funcrel
pymysql,com.castsoftware.python,1.6.7-funcrel
pyodbc,com.castsoftware.python,1.6.7-funcrel
re,com.castsoftware.python,1.6.0-alpha4
reactor.core.publisher,com.castsoftware.azure.java,1.0.0-alpha2
redis,com.castsoftware.python,1.6.7-funcrel
redis.asyncio.client,com.castsoftware.python,1.6.7-funcrel
redis.asyncio.cluster,com.castsoftware.python,1.6.7-funcrel
redis.asyncio.connection,com.castsoftware.python,1.6.7-funcrel
redis.clients.jedis,com.castsoftware.nosqljava,1.8.2-funcrel
redis.clients.jedis.commands,com.castsoftware.nosqljava,1.8.2-funcrel
redis.cluster,com.castsoftware.python,1.6.7-funcrel
redis.connection,com.castsoftware.python,1.6.7-funcrel
redis.sentinel,com.castsoftware.python,1.6.7-funcrel
regex,com.castsoftware.python,1.6.0-alpha4
requests,com.castsoftware.python,1.6.0-alpha7
sh,com.castsoftware.python,1.6.0-alpha5
shutil,com.castsoftware.python,1.6.0-alpha5
software.amazon.awssdk.awscore.client.builder,com.castsoftware.nosqljava,1.8.2-funcrel
software.amazon.awssdk.enhanced.dynamodb,com.castsoftware.nosqljava,1.8.2-funcrel
software.amazon.awssdk.enhanced.dynamodb.model.BatchGetItemEnhancedRequest,com.castsoftware.nosqljava,1.8.2-funcrel
software.amazon.awssdk.enhanced.dynamodb.model.BatchWriteItemEnhancedRequest,com.castsoftware.nosqljava,1.8.2-funcrel
software.amazon.awssdk.enhanced.dynamodb.model.TransactGetItemsEnhancedRequest,com.castsoftware.nosqljava,1.8.2-funcrel
software.amazon.awssdk.enhanced.dynamodb.model.TransactWriteItemsEnhancedRequest,com.castsoftware.nosqljava,1.8.2-funcrel
software.amazon.awssdk.services.dynamodb,com.castsoftware.nosqljava,1.8.2-funcrel
software.amazon.awssdk.services.dynamodb.waiters,com.castsoftware.nosqljava,1.8.2-funcrel
software.amazon.awssdk.services.lambda,com.castsoftware.awsjava,1.2.0-alpha2
software.amazon.awssdk.services.s3,com.castsoftware.awsjava,1.2.0-alpha2
software.amazon.awssdk.services.sns,com.castsoftware.awsjava,1.2.0-alpha2
software.amazon.awssdk.services.sqs,com.castsoftware.mqe,1.2.2-funcrel
sqlalchemy,com.castsoftware.python,1.6.7-funcrel
sqlite3,com.castsoftware.python,1.6.7-funcrel
subprocess,com.castsoftware.python,1.6.0-alpha5
tarfile,com.castsoftware.python,1.6.0-alpha4
threading,com.castsoftware.python,1.6.0-alpha2
time,com.castsoftware.python,1.6.0-alpha2
tk.mybatis.mapper.common.base.delete,com.castsoftware.ibatis,1.3.0-beta1
tk.mybatis.mapper.common.base.insert,com.castsoftware.ibatis,1.3.0-beta1
tk.mybatis.mapper.common.base.select,com.castsoftware.ibatis,1.3.0-beta1
tk.mybatis.mapper.common.base.update,com.castsoftware.ibatis,1.3.0-beta1
tk.mybatis.mapper.common.condition,com.castsoftware.ibatis,1.3.0-beta1
tk.mybatis.mapper.common.example,com.castsoftware.ibatis,1.3.0-beta1
tk.mybatis.mapper.common.ids,com.castsoftware.ibatis,1.3.0-beta1
tk.mybatis.mapper.common.rowbounds,com.castsoftware.ibatis,1.3.0-beta1
tk.mybatis.mapper.common.special,com.castsoftware.ibatis,1.3.0-beta1
tk.mybatis.mapper.common.sqlserver,com.castsoftware.ibatis,1.3.0-beta1
urllib,com.castsoftware.python,1.6.0-alpha7
urllib2,com.castsoftware.python,1.6.0-alpha7
urllib3,com.castsoftware.python,1.6.0-alpha7
urllib3.connection,com.castsoftware.python,1.6.0-alpha7
xml,com.castsoftware.python,1.6.0-alpha8
xml.dom,com.castsoftware.python,1.6.0-alpha4
xml.etree.ElementTree,com.castsoftware.python,1.6.0-alpha2
xml.sax.xmlreader,com.castsoftware.python,1.6.0-alpha4
xpath,com.castsoftware.python,1.6.0-alpha2
